,count,unique,top,freq,mean,std,min,25%,50%,75%,max
Student_ID,4500,4500,STU_2024000,1,,,,,,,
Age,4500.0,,,,18.703333333333333,1.981182311614953,15.0,17.0,19.0,20.0,26.0
Gender,4500,4,Female,2234,,,,,,,
Academic_Level,4500,3,Undergraduate,2777,,,,,,,
Primary_Platform,4500,7,Instagram,1453,,,,,,,
Daily_Usage_Hours,4500.0,,,,5.295933333333333,2.6044969223854477,0.9,3.4,4.7,6.6,14.0
Weekend_Extra_Hours,4500.0,,,,1.7968444444444445,0.6992446931832242,0.0,1.3,1.8,2.3,4.5
Device_Type,4500,3,Smartphone,3775,,,,,,,
Sleep_Duration_Hours,4500.0,,,,6.701333333333333,1.1899979547258102,3.0,6.0,6.8,7.5,10.5
Sleep_Quality_Score,4500.0,,,,2.472,1.0304835861996948,1.0,2.0,3.0,3.0,5.0
Late_Night_Usage,4500,2,True,2644,,,,,,,
Social_Comparison_Frequency,4500,5,Sometimes,1594,,,,,,,
Perceived_Stress_Score,4454.0,,,,13.512123933542883,7.072859493301799,0.0,9.0,13.0,18.0,40.0
Mental_Health_Index,4500.0,,,,79.87311111111111,12.87604441471935,32.0,72.0,82.0,89.0,98.0
Academic_Performance_GPA,4415.0,,,,3.4292819932049827,0.39266173811516686,1.9,3.2,3.46,3.72,4.0
Overall_Impact,4500,3,Beneficial,3681,,,,,,,
