Feature,Importance
Daily_Usage_Hours,0.10828642940289004
Perceived_Stress_Score,0.03671630863988263
Sleep_Duration_Hours,0.013071725976186933
Mental_Health_Index,0.003955671138286554
Age,0.0011075937008150683
Sleep_Quality_Score,0.0010028265541327853
Gender,0.00026867646415371094
Academic_Level,0.00018993525704087965
Device_Type,-1.4521970273956297e-05
Primary_Platform,-3.481348022555397e-05
Late_Night_Usage,-9.745931397444063e-05
Social_Comparison_Frequency,-0.00023350012926436902
Weekend_Extra_Hours,-0.0004435109433842843
